Time,Shortwave Flux (Wm-2),Net Radiation (Wm-2),Sensible Heat Flux (Wm-2),Latent Heat Flux (Wm-2),Ground Flux (Wm-2),Air Temperature at 50m (C),Air Temperature at 1.3m (C),Air Temperature in Foliage (C),Radiometric Temperature (C),Wind at 50 m (kts),Wind at 10 m (kts),Wind in Foliage (kts),Specific Humidity at 50m (gKg-1),specific Humidity at 1.3m (gKg-1),Specific Humidity of Foliage (gKg-1),Bowen Ratio ( x 1000),Surface Moisture Availability ( x 1000),Root Zone Moisture Availability ( x 1000),Stomatal Resistance (sm-1),Vapor Pressure Deficit (mbar),Leaf Water Potential (bars),Epidermal Water Potential (bars),Ground Water Potential (mbars),CO2 Flux (micromolesm-2s-1),CO2 Concentration in Canopy (ppmv),Water Use Efficiency ( x 1000),O3 Concentration in Canopy (ppmv ( x 1000)),Global O3 Flux (ugm-2s-1),O3 Flux in Plant (ugm-2s-1),Wet Bulb Potential Temperature (K),Lifted Index,K Index,Total Totals,Sweat Index,LE _ (LE + H),H _ (LE + H),Longwave downwelling radiation,Longwave upwelling radiation,Daily Heat Flux
00:00,0.0,-83.58789733422162,-7.2920748057967275,2.8229598073095783,-79.11878233573447,7.766689901727773,8.062542718980069,8.062923375724097,6.942186830984497,9.22821971742263,6.414777563148172,NaN,5.930745085576859,5.930745085576859,5.930745085576859,NaN,250.60910743866333,469.9999988079071,NaN,NaN,NaN,NaN,0.0,NaN,NaN,NaN,NaN,NaN,NaN,277.9826900065909,310.2120531602998,-69.92931256734693,-60.35748171623129,-2222.6380893623777,NaN,NaN,NaN,334.3584822484789,Infinity
00:15,0.0,-83.21177203599453,-7.575904991005834,2.5934230845293045,-78.229290129518,7.766689901727773,8.053207412359598,8.054433347986048,6.8543889765533095,9.22821971742263,6.410112700371148,NaN,5.930745085576859,5.930745085576859,5.930745085576859,NaN,251.15190055900487,469.9999988079071,NaN,NaN,NaN,NaN,0.0,NaN,NaN,NaN,NaN,NaN,NaN,277.9826900065909,310.2120531602998,-69.92931256734693,-60.35748171623129,-2222.6380893623777,NaN,NaN,0.6125241879797584,333.96742897203933,0.6125241879797584
00:30,0.0,-82.65631239325728,-8.031587204336894,2.2378595282017395,-76.86258471712213,7.766689901727773,8.03919491700077,8.040678477467168,6.73621247006065,9.22821971742263,6.401873202025428,NaN,5.930745085576859,5.930745085576859,5.930745085576859,NaN,251.69482599345704,469.9999988079071,NaN,NaN,NaN,NaN,0.0,NaN,NaN,NaN,NaN,NaN,NaN,277.9826900065909,310.2120531602998,-69.92931256734693,-60.35748171623129,-2222.6380893623777,NaN,NaN,0.26528447541125927,333.4115546539676,0.26528447541125927
00:45,0.0,-82.05846715967422,-8.52864425015927,1.8529295193899284,-75.38275242890488,7.766689901727773,8.024005247760897,8.025525348516851,6.6122292152737145,9.22821971742263,6.392718010212456,NaN,5.930745085576859,5.930745085576859,5.930745085576859,NaN,252.23853497447618,469.9999988079071,NaN,NaN,NaN,NaN,0.0,NaN,NaN,NaN,NaN,NaN,NaN,277.9826900065909,310.2120531602998,-69.92931256734693,-60.35748171623129,-2222.6380893623777,NaN,NaN,0.14737287060640364,332.82120101273836,0.14737287060640364
01:00,0.0,-81.47347138022373,-9.017344691296667,1.4776537102359022,-73.93378039916296,7.766689901727773,8.009001083102532,8.010472872683238,6.491889728678643,9.22821971742263,6.383598326372178,NaN,5.930745085576859,5.930745085576859,5.930745085576859,NaN,252.7830815802013,469.9999988079071,NaN,NaN,NaN,NaN,0.0,NaN,NaN,NaN,NaN,NaN,NaN,277.9826900065909,310.2120531602998,-69.92931256734693,-60.35748171623129,-2222.6380893623777,NaN,NaN,0.08893726870569241,332.24628259855217,0.08893726870569241
01:15,0.0,-80.92051000875118,-9.480192798635459,1.1250922831429828,-72.5654094932587,7.766689901727773,7.99467821210726,7.996072613413787,6.378400557284635,9.22821971742263,6.374865417649032,NaN,5.930745085576859,5.930745085576859,5.930745085576859,NaN,253.32830429267338,469.9999988079071,NaN,NaN,NaN,NaN,0.0,NaN,NaN,NaN,NaN,NaN,NaN,277.9826900065909,310.2120531602998,-69.92931256734693,-60.35748171623129,-2222.6380893623777,NaN,NaN,0.05480409014593764,331.7038370702149,0.05480409014593764
01:30,0.0,-80.4045065681741,-9.912463329053702,0.7982280046468256,-71.29027124376722,7.766689901727773,7.981183775372131,7.9824941315799265,6.272502080772938,9.22821971742263,6.366628754203613,NaN,5.930745085576859,5.930745085576859,5.930745085576859,NaN,253.87397876059276,469.9999988079071,NaN,NaN,NaN,NaN,0.0,NaN,NaN,NaN,NaN,NaN,NaN,277.9826900065909,310.2120531602998,-69.92931256734693,-60.35748171623129,-2222.6380893623777,NaN,NaN,0.03286568890197272,331.1979790643128,0.03286568890197272
01:45,0.0,-79.92493051560461,-10.314344687595462,0.4963069651840647,-70.10689279319321,7.766689901727773,7.968526983487948,7.969755390301486,6.173996044671696,9.22821971742263,6.35890176688065,NaN,5.930745085576859,5.930745085576859,5.930745085576859,NaN,254.4198758718917,469.9999988079071,NaN,NaN,NaN,NaN,0.0,NaN,NaN,NaN,NaN,NaN,NaN,277.9826900065909,310.2120531602998,-69.92931256734693,-60.35748171623129,-2222.6380893623777,NaN,NaN,0.017813942764372637,330.7279077635756,0.017813942764372637
02:00,0.0,-79.47932728230438,-10.687783388760057,0.21733479669774664,-69.00887869024207,7.766689901727773,7.956665119916977,7.957816837267501,6.0823583980367175,9.22821971742263,6.351661348229632,NaN,5.930745085576859,5.930745085576859,5.930745085576859,NaN,254.96578230017326,469.9999988079071,NaN,NaN,NaN,NaN,0.0,NaN,NaN,NaN,NaN,NaN,NaN,277.9826900065909,310.2120531602998,-69.92931256734693,-60.35748171623129,-2222.6380893623777,NaN,NaN,0.006961143028702688,330.29111071881806,0.006961143028702688
02:15,0.0,-79.06443814253659,-11.035346150070987,0.001,-68.0300919924656,7.766689901727773,7.945526206164402,7.94661596467904,5.996670024339096,9.22821971742263,6.34487048268188,NaN,5.930745085576859,5.930745085576859,5.930745085576859,NaN,255.51143650633185,469.9999988079071,NaN,NaN,NaN,NaN,0.0,NaN,NaN,NaN,NaN,NaN,NaN,277.9826900065909,310.2120531602998,-69.92931256734693,-60.35748171623129,-2222.6380893623777,NaN,NaN,2.9117516010492886E-5,329.8839387518728,2.9117516010492886E-5
02:30,0.0,-78.66264941839675,-11.370519348570559,0.001,-67.2931300698262,7.766689901727773,7.934655705664511,7.9357317243951115,5.913121725113001,9.22821971742263,6.338287774022519,NaN,5.930745085576859,5.930745085576859,5.930745085576859,NaN,256.0551513292502,469.9999988079071,NaN,NaN,NaN,NaN,0.0,NaN,NaN,NaN,NaN,NaN,NaN,277.9826900065909,310.2120531602998,-69.92931256734693,-60.35748171623129,-2222.6380893623777,NaN,NaN,2.6878732099260337E-5,329.48827144753864,2.6878732099260337E-5
02:45,0.0,-78.27544335994101,-11.694217263345125,0.001,-66.58222609659589,7.766689901727773,7.9241034430461355,7.925140494664163,5.832856790840879,9.22821971742263,6.331876214174664,NaN,5.930745085576859,5.930745085576859,5.930745085576859,NaN,256.5961944328199,469.9999988079071,NaN,NaN,NaN,NaN,0.0,NaN,NaN,NaN,NaN,NaN,NaN,277.9826900065909,310.2120531602998,-69.92931256734693,-60.35748171623129,-2222.6380893623777,NaN,NaN,2.5137652135582382E-5,329.1077735767241,2.5137652135582382E-5
03:00,0.0,-77.90617383228623,-12.00306242789233,0.001,-65.9041114043939,7.766689901727773,7.913966729905326,7.914961164930389,5.756304497815222,9.22821971742263,6.325713343044634,NaN,5.930745085576859,5.930745085576859,5.930745085576859,NaN,257.13459268925385,469.9999988079071,NaN,NaN,NaN,NaN,0.0,NaN,NaN,NaN,NaN,NaN,NaN,277.9826900065909,310.2120531602998,-69.92931256734693,-60.35748171623129,-2222.6380893623777,NaN,NaN,2.3778714349439927E-5,328.7450447391781,2.3778714349439927E-5
03:15,0.0,-77.5548666772786,-12.296909767999933,0.001,-65.25895690927867,7.766689901727773,7.904255442424358,7.905207834116197,5.6834259998016705,9.22821971742263,6.319808923159785,NaN,5.930745085576859,5.930745085576859,5.930745085576859,NaN,257.67037262514214,469.9999988079071,NaN,NaN,NaN,NaN,0.0,NaN,NaN,NaN,NaN,NaN,NaN,277.9826900065909,310.2120531602998,-69.92931256734693,-60.35748171623129,-2222.6380893623777,NaN,NaN,2.2723572181668093E-5,328.3999842512106,2.2723572181668093E-5
03:30,0.0,-77.22061778634992,-12.576464302570816,0.001,-64.64515348377911,7.766689901727773,7.894953468971153,7.895866011041846,5.614021461963489,9.22821971742263,6.314154617619888,NaN,5.930745085576859,5.930745085576859,5.930745085576859,NaN,258.2035604260987,469.9999988079071,NaN,NaN,NaN,NaN,0.0,NaN,NaN,NaN,NaN,NaN,NaN,277.9826900065909,310.2120531602998,-69.92931256734693,-60.35748171623129,-2222.6380893623777,NaN,NaN,2.1918138610719263E-5,328.0716547872785,2.1918138610719263E-5
03:45,0.0,-76.90221977745708,-12.84271578677058,0.001,-64.0605039906865,7.766689901727773,7.8860353565452215,7.886910763883691,5.547840778155319,9.22821971742263,6.308735446086729,NaN,5.930745085576859,5.930745085576859,5.930745085576859,NaN,258.7341819413463,469.9999988079071,NaN,NaN,NaN,NaN,0.0,NaN,NaN,NaN,NaN,NaN,NaN,277.9826900065909,310.2120531602998,-69.92931256734693,-60.35748171623129,-2222.6380893623777,NaN,NaN,2.1324905105146926E-5,327.75885349810426,2.1324905105146926E-5
04:00,0.0,-76.59841981982277,-13.096705511983526,0.001,-63.502714307839234,7.766689901727773,7.877473327612336,7.8783143771904065,5.48462899630124,9.22821971742263,6.30353461250214,NaN,5.930745085576859,5.930745085576859,5.930745085576859,NaN,259.26226268823814,469.9999988079071,NaN,NaN,NaN,NaN,0.0,NaN,NaN,NaN,NaN,NaN,NaN,277.9826900065909,310.2120531602998,-69.92931256734693,-60.35748171623129,-2222.6380893623777,NaN,NaN,2.091825766234339E-5,327.46034628965987,2.091825766234339E-5
04:15,0.0,-76.30802085361837,-13.339433961875446,0.001,-62.96958689174293,7.766689901727773,7.869240157199499,7.8700495042483,5.424144012691443,9.22821971742263,6.298535495237446,NaN,5.930745085576859,5.930745085576859,5.930745085576859,NaN,259.78782785671893,469.9999988079071,NaN,NaN,NaN,NaN,0.0,NaN,NaN,NaN,NaN,NaN,NaN,277.9826900065909,310.2120531602998,-69.92931256734693,-60.35748171623129,-2222.6380893623777,NaN,NaN,2.0681596187641316E-5,327.17495918105186,2.0681596187641316E-5
04:30,0.0,-76.02991686135061,-13.571827938118382,0.001,-62.45908892323223,7.766689901727773,7.861310274899836,7.862090386839611,5.366162586061137,9.22821971742263,6.293722419854803,NaN,5.930745085576859,5.930745085576859,5.930745085576859,NaN,260.3109023137253,469.9999988079071,NaN,NaN,NaN,NaN,0.0,NaN,NaN,NaN,NaN,NaN,NaN,277.9826900065909,310.2120531602998,-69.92931256734693,-60.35748171623129,-2222.6380893623777,NaN,NaN,2.0605611041333166E-5,326.9016095412677,2.0605611041333166E-5
04:45,0.0,-75.76310081995513,-13.79473242170948,0.001,-61.96936839824564,7.766689901727773,7.85366011196362,7.854413252125767,5.310481518196184,9.22821971742263,6.2890809134108245,NaN,5.930745085576859,5.930745085576859,5.930745085576859,NaN,260.8315106075269,469.9999988079071,NaN,NaN,NaN,NaN,0.0,NaN,NaN,NaN,NaN,NaN,NaN,277.9826900065909,310.2120531602998,-69.92931256734693,-60.35748171623129,-2222.6380893623777,NaN,NaN,2.0687367327577898E-5,326.6393124788113,2.0687367327577898E-5
05:00,0.0,-75.50666174554217,-14.008912385221501,0.001,-61.49874936032067,7.766689901727773,7.846268133156343,7.84699636501017,5.256916912821794,9.22821971742263,6.284597741539772,NaN,5.930745085576859,5.930745085576859,5.930745085576859,NaN,261.3496769720084,469.9999988079071,NaN,NaN,NaN,NaN,0.0,NaN,NaN,NaN,NaN,NaN,NaN,277.9826900065909,310.2120531602998,-69.92931256734693,-60.35748171623129,-2222.6380893623777,NaN,NaN,2.0930023921653705E-5,326.38717736404925,2.0930023921653705E-5
05:15,0.0,-75.25977776015499,-14.215058298144921,0.001,-61.04571946201006,7.766689901727773,7.839114742466052,7.839819941764688,5.205302743068387,9.22821971742263,6.280260857894674,NaN,5.930745085576859,5.930745085576859,5.930745085576859,NaN,261.8654253308941,469.9999988079071,NaN,NaN,NaN,NaN,0.0,NaN,NaN,NaN,NaN,NaN,NaN,277.9826900065909,310.2120531602998,-69.92931256734693,-60.35748171623129,-2222.6380893623777,NaN,NaN,2.13431360380584E-5,326.14440080309345,2.13431360380584E-5
05:30,0.0,-75.02170806717244,-14.413792708527142,0.001,-60.6089153586453,7.766689901727773,7.832182143588568,7.8328660130591174,5.15548924010659,9.22821971742263,6.27605932144843,NaN,5.930745085576859,5.930745085576859,5.930745085576859,NaN,262.3787793019144,469.9999988079071,NaN,NaN,NaN,NaN,0.0,NaN,NaN,NaN,NaN,NaN,NaN,277.9826900065909,310.2120531602998,-69.92931256734693,-60.35748171623129,-2222.6380893623777,NaN,NaN,2.1943596509456016E-5,325.9102586903167,2.1943596509456016E-5
05:45,0.0,-74.79178500264554,-14.60567683541642,0.001,-60.18710816722912,7.766689901727773,7.825454189462732,7.826118273779514,5.107341309963374,9.22821971742263,6.271983205203927,NaN,5.930745085576859,5.930745085576859,5.930745085576859,NaN,262.88976220091723,469.9999988079071,NaN,NaN,NaN,NaN,0.0,NaN,NaN,NaN,NaN,NaN,NaN,277.9826900065909,310.2120531602998,-69.92931256734693,-60.35748171623129,-2222.6380893623777,NaN,NaN,2.2757393964911535E-5,325.6840983972017,2.2757393964911535E-5
06:00,9.954687669159311,-64.89000246864963,-14.63400520988642,0.001,-50.25699725876321,7.766689901727773,7.827322663319308,7.825076040089414,5.165728021750283,9.22821971742263,6.270737337755365,NaN,5.930745085576859,5.930745085576859,5.930745085576859,NaN,263.39839704592254,469.9999988079071,NaN,NaN,NaN,NaN,0.0,NaN,NaN,NaN,NaN,NaN,NaN,277.9826900065909,310.2120531602998,-69.92931256734693,-60.35748171623129,-2222.6380893623777,NaN,NaN,2.3822545508105E-5,325.8369490255876,2.3822545508105E-5
06:15,27.119629944230297,-49.017033429889715,-13.631272441682837,0.001,-35.38676098820687,7.766689901727773,7.864592620055987,7.85995272212017,5.467252383296795,9.22821971742263,6.291006071830839,NaN,5.930745085576859,5.930745085576859,5.930745085576859,NaN,263.90470656112257,469.9999988079071,NaN,NaN,NaN,NaN,0.0,NaN,NaN,NaN,NaN,NaN,NaN,277.9826900065909,310.2120531602998,-69.92931256734693,-60.35748171623129,-2222.6380893623777,NaN,NaN,2.5193864520972494E-5,327.1794861981878,2.5193864520972494E-5
06:30,47.96699920100071,-30.114149706010632,-12.060400779381133,0.001,-18.0547489266295,7.766689901727773,7.9198242249139525,7.912951030944157,5.915659210997092,9.22821971742263,6.322523177746778,NaN,5.930745085576859,5.930745085576859,5.930745085576859,NaN,264.408713180828,469.9999988079071,NaN,NaN,NaN,NaN,0.0,NaN,NaN,NaN,NaN,NaN,NaN,277.9826900065909,310.2120531602998,-69.92931256734693,-60.35748171623129,-2222.6380893623777,NaN,NaN,2.6950784938885223E-5,329.1847168340042,2.6950784938885223E-5
06:45,78.773695431865,-2.526494660202005,-9.448127620313864,1.261143158295551,5.660489801816308,7.766689901727773,8.006572106556916,7.996945723917122,6.627246229531238,9.22821971742263,6.372398745695596,NaN,5.930745085576859,5.930745085576859,5.930745085576859,NaN,264.90643507285074,469.9999988079071,NaN,NaN,NaN,NaN,0.0,NaN,NaN,NaN,NaN,NaN,NaN,277.9826900065909,310.2120531602998,-69.92931256734693,-60.35748171623129,-2222.6380893623777,NaN,NaN,0.0368387178872669,332.4574930423843,0.0368387178872669
07:00,111.40852713846053,24.98076420081057,-10.931504650187472,7.834421473611423,28.077847377386618,7.766689901727773,8.07283281951868,7.846913140892127,7.1412651519318615,9.22821971742263,6.538307221704909,0.9154287662880403,5.930745085576859,5.978554078396155,6.054551491082089,NaN,265.3941643528525,469.99221928854496,282.14980850273423,0.9887977090440114,-1.5301268772055323,-1.5301268772055323,-961.4338463994404,12.731245808255125,341.9761408510882,195.0060343858123,44.55901348780865,1.1818131780117296,0.8203191783163982,277.9826900065909,310.2120531602998,-69.92931256734693,-60.35748171623129,-2222.6380893623777,NaN,NaN,0.2518895145158332,337.14462097254597,0.2518895145158332
07:15,144.52952897465565,52.96771514154026,5.41239188282159,12.70677911539718,34.84854414332149,7.776922487502816,8.325901890356079,8.484055774119554,7.940579074877348,9.217724978072445,6.587475859174867,0.9283521815324908,5.952400811531361,6.012342323618052,6.130660690893253,425.945224487552,265.87226692491765,469.9761534282235,283.1932888161609,1.5322643876471536,-1.8322922412445783,-1.8322922412445783,-961.6906339573774,12.775792054529465,342.6062333539939,124.29236759475148,45.360945424616474,1.2085817935068548,0.834436476359065,277.03499935661364,310.2120531602998,-69.92931256734693,-60.35748171623129,-2222.5933657105047,0.7012892100111169,0.2987107899888832,0.4581685089316257,341.0465798359768,0.4581685089316257
07:30,177.27285062363666,82.2660413446196,19.563198650586262,16.411766953071115,46.29107574096222,8.02412082135794,8.706585757911114,9.166352186635436,8.721434927435325,9.148950130622381,6.680513652398094,0.9551650641527957,6.0790159513045205,6.143302820889254,6.287472470723793,1192.0226936274782,266.3397506001625,469.95371127388825,287.56465730697334,1.9778684169330398,-2.0694841719593597,-2.0694841719593597,-962.0563417747513,12.778768549086486,343.74098617670813,95.89673291420168,46.794490569082946,1.2566683768805864,0.8576977710653149,277.2636710566603,310.2120531602998,-69.92931256734693,-60.35748171623129,-2222.5847271784323,0.4561996565579098,0.54380034344209,0.6794749673065563,344.5070117836137,0.6794749673065563
07:45,209.06215508122457,110.52574841151409,31.8106457802224,20.461971911950744,58.253130719340945,8.487344637211606,9.271211581104637,9.995071281872299,9.61319403696558,8.947356794826199,6.616239390934572,0.9557387426631619,6.219315771300412,6.293406474204939,6.471130030245099,1554.6226882289632,266.79887130319645,469.925259239999,295.9526291810861,2.532106004524446,-2.346522899881721,-2.346522899881721,-962.5215603302794,12.595965342365108,344.34842875728094,75.16615071058763,47.5051254431372,1.2706248848206525,0.8642805453916034,277.69216068463965,310.2120531602998,-69.92931256734693,-60.35748171623129,-2222.576481081926,0.3914472397852489,0.6085527602147511,1.0035716209685774,348.2592518905401,1.0035716209685774
08:00,239.43892549740437,137.16959127915177,43.141281883087544,24.916496278069054,69.11181311799518,9.039261318588558,9.918157470164601,10.908638840537378,10.580167194676847,8.507454591994295,6.3723811377920905,0.9302113200464394,6.368908873038482,6.455271877442455,6.675279363432314,1731.4345244062079,267.2498179750849,469.8898723281964,306.66968957740175,3.1891750446366904,-2.6566336757214866,-2.6566336757214866,-963.1017344283895,12.323293184797409,344.6870808441749,59.70485111384657,47.87883219827901,1.2621771924453984,0.8629624216319053,278.20267709811867,310.2120531602998,-69.92931256734693,-60.35748171623129,-2222.568688319009,0.36610798870142863,0.6338920112985714,1.5129138526814565,352.19450112371385,1.5129138526814565
08:15,268.0427032448773,156.20209070336608,52.85697128585958,29.169562942060853,74.17555647544566,9.564856852253683,10.536459757178307,11.799872644432355,11.507563004485917,7.727022147112875,5.885981529848508,0.8708078487708538,6.534929656657055,6.633043161836305,6.903349948563245,1812.0590764712085,267.6935914427384,469.8470071652951,317.446307754872,3.8586026651747667,-2.9555148033766625,-2.9555148033766625,-963.8076093763177,12.025379505464672,344.7136887495981,49.02934672784375,47.91936888772367,1.2295969744645343,0.8556086007718355,278.6888477827074,310.2120531602998,-69.92931256734693,-60.35748171623129,-2222.5614063775174,0.3556113057393083,0.6443886942606917,2.347901127797389,355.9385685312811,2.347901127797389
08:30,294.6200458743803,179.46072327931148,63.04197070873108,33.06404889489262,83.35470367568779,9.995632811472149,11.046346448986924,12.65920590962736,12.451597648969823,6.988601620428822,5.329932389038311,0.8023174360386807,6.70577253221278,6.813979130864623,7.141993848834015,1906.6621546905926,268.13261950959776,469.79735367153285,328.2896167333695,4.551012076004695,-3.250282709976144,-3.250282709976144,-964.6286425247101,11.73314997351156,344.66242687697564,41.624789852137674,47.89327600227949,1.1913259014522204,0.8473228854412593,279.0873238114011,310.2120531602998,-69.92931256734693,-60.35748171623129,-2222.5546889145758,0.3440372312916592,0.6559627687083407,3.9916043222256707,359.8964530928635,3.9916043222256707
08:45,318.9567492449462,200.7454913179949,79.02304667852047,34.2564108179013,87.46603382157312,10.36020452699978,11.503776296076296,13.335421583053346,13.287575513520153,7.886015130171623,5.888050263593244,0.884847558510788,7.264585582431994,7.356859577329823,7.661186783506658,2306.810456547467,268.56753822092423,469.7423762153779,330.48641896318844,4.684821218227319,-3.3117983603783916,-3.3117983603783916,-965.5478267959874,11.793699568951254,345.5321745560083,40.22391222703467,48.90504271960733,1.2544407541015754,0.8649933747707901,279.42457560371895,310.2120531602998,-69.92931256734693,-60.35748171623129,-2222.548585366645,0.30240620475237867,0.6975937952476213,8.396279358156644,363.7452033685563,8.396279358156644
09:00,340.8075152032653,219.85834291717774,89.31554557701192,37.43162115027081,93.11117618989499,10.71219786082213,11.92585797592875,13.9964929209562,14.04823399276711,7.60476220885177,5.7609244170277085,0.871549188314275,7.438517927751468,7.55079390058428,7.889432050497372,2386.098780452253,268.9968224614159,469.6851257699696,338.63497698849,5.2120571665472815,-3.5305579730704966,-3.5305579730704966,-966.5018537525198,11.619059132632888,345.71062833378363,36.50047287078695,49.08794799512066,1.248478934539128,0.863107941339554,279.75021080970566,310.2120531602998,-69.92931256734693,-60.35748171623129,-2222.5431405928043,0.29532511153334945,0.7046748884666506,NaN,367.5487819707467,-242.1039852582783
09:15,359.983855196166,236.34748845002204,98.83022395181604,41.5845447806135,95.9327197175925,11.04486439319254,12.310496032104822,14.61678853168587,14.780812590975984,7.440582464579901,5.616848685539696,0.8564247667032968,7.561118750177501,7.684952353804106,8.064220987835814,2376.6094945420728,269.41636319284146,469.6220172530835,348.2813637707309,5.850173255744515,-3.7885807274498657,-3.7885807274498657,-967.5531305487873,11.421693705708021,345.90817792854915,32.53336230728054,49.290823902462265,1.2415236294344627,0.8608913286313513,280.0579881372966,310.2120531602998,-69.92931256734693,-60.35748171623129,-2222.538394553618,0.2961550637159532,0.7038449362840469,NaN,371.0950003678133,-9.476897068760902
09:30,376.42298581923893,250.50730411091283,107.43370654821311,45.7050500308432,97.3685475318565,11.363660117671486,12.675582869470361,15.156102455038024,15.423764263767282,7.441923286198308,5.612474273925576,0.8591489191073366,7.654534767041819,7.790631197148495,8.203384540964905,2350.5872212307713,269.8239834407765,469.5530089257261,357.1340879570079,6.445706333519868,-4.025099157829859,-4.025099157829859,-968.7059460910415,11.260952789376312,346.1606353180475,29.53850657595748,49.540980651264746,1.2447366918347114,0.8604013437607341,280.35295593912116,310.2120531602998,-69.92931256734693,-60.35748171623129,-2222.5343820276375,0.29845514650792165,0.7015448534920783,NaN,374.412654887135,-5.3220221423198435
09:45,389.9651496489671,262.1137944425993,114.36072813311964,49.68420654992916,98.06885975955053,11.669592595284769,13.01984510792289,15.636543990062364,15.991440480878396,7.4207202154416025,5.612591804245407,0.8615274710647218,7.716521304071336,7.864866845860757,8.30982633078725,2301.752127573882,270.2182586360823,469.47859318206713,365.39031592441006,7.01148796893044,-4.245523806502374,-4.245523806502374,-969.952286056137,11.115003555833066,346.36351618467756,27.16778179841864,49.72975823052797,1.2466590374513296,0.8593355601248547,280.63604680422236,310.2120531602998,-69.92931256734693,-60.35748171623129,-2222.531132367236,0.30286949515341033,0.6971305048465898,NaN,377.4889830439499,-3.9052733515789266
10:00,400.49133887223496,270.91975775298266,119.20389888127183,53.42306723848591,98.29279163322494,11.961600665541084,13.339472701886734,16.08186313470901,16.507789690765435,7.251922689061783,5.5182720662811775,0.8504340507399658,7.751135312177727,7.911700470238979,8.393284086242437,2231.318886074693,270.599433045084,469.39910051492296,373.30197873635893,7.565962165766261,-4.456652087328088,-4.456652087328088,-971.2866852780917,10.96867076443457,346.4574421548463,25.17825335313036,49.79669293151136,1.2393763973835177,0.856333629612634,280.9062783961179,310.2120531602998,-69.92931256734693,-60.35748171623129,-2222.528669295189,0.3094711587610498,0.6905288412389501,NaN,380.3405688309062,-3.187582548054352
10:15,407.9518361216367,276.7802921991561,122.03016699240277,56.88929050775302,97.86083469900034,12.238104987115605,13.629608473173903,16.50278013003259,16.989514035002628,6.951742988289475,5.307833116143295,0.8233202454083597,7.7655221835214485,7.935784836039428,8.460972542965838,2145.0463857652117,270.96926920257215,469.3146886323507,381.0611547720169,8.122924827452179,-4.66364804650836,-4.66364804650836,-972.7066276835183,10.81737775751712,346.4444302748175,23.436579028666777,49.74878071808058,1.221776838810034,0.8513881327215191,281.16218775727424,310.2120531602998,-69.92931256734693,-60.35748171623129,-2222.5270107430597,0.3179603342342098,0.6820396657657903,NaN,382.97012019464205,-2.7523516189572597
10:30,412.3127731856454,279.76534452283187,123.50492610880876,59.95183525793709,96.308583156086,12.49882033542724,13.894815435421492,16.878114054236562,17.4180406577683,6.661531946833961,5.092683925228153,0.795214332580623,7.775038711997036,7.953287981997091,8.521276511574193,2060.069146798268,271.3294324504967,469.225660232212,387.9775068273328,8.62676249984314,-4.848124955788898,-4.848124955788898,-974.2080757314541,10.683289480906529,346.39985354979007,22.03936296382008,49.668714651887,1.2034021384419822,0.8464159860733245,281.4035086970114,310.2120531602998,-69.92931256734693,-60.35748171623129,-2222.5261687321554,0.3267900011495799,0.67320999885042,NaN,385.3433523268214,-2.4548983903968056
10:45,413.56348265962333,279.94767715233553,123.6411334928256,62.510557264904996,93.79598639460494,12.744004611278626,14.137493045145845,17.197371885454743,17.779152415260626,6.406874752422517,4.90093598396041,0.7697767227178479,7.780164091414883,7.965477372421304,8.572495304047488,1977.9240323976578,271.680998419586,469.1326979249027,393.71245998299077,9.047529364543527,-5.001063986861608,-5.001063986861608,-975.7802755171334,10.572425637746045,346.3368981195057,20.984381712099793,49.56896085712212,1.1864148062020061,0.8417823953310266,281.630477262698,310.2120531602998,-69.92931256734693,-60.35748171623129,-2222.526149297501,0.33580440236914166,0.6641955976308583,NaN,387.4343295990654,-2.2335534766590506
11:00,411.6611815160301,277.32711350135423,122.48047083398428,64.5155311843878,90.33111148298217,12.97370353564554,14.358632275884986,17.455149970349623,18.065907780252928,6.20137107213923,4.742438917294917,0.7483625434072376,7.784636899638208,7.975293661336912,8.6154493287449,1898.464890321224,272.02487378451815,469.03662611739315,398.0832835268153,9.367131980916357,-5.1175935576673455,-5.1175935576673455,-977.4097585827972,10.486911576427612,346.26277374623993,20.236410332861617,49.458075118189456,1.1717095577223084,0.8376818786807099,281.84313280848977,310.2120531602998,-69.92931256734693,-60.35748171623129,-2222.526952454979,0.3450102167320628,0.6549897832679372,NaN,389.2091420451637,-2.0586113086653772
11:15,406.6542126716088,271.9769255368658,120.07354642742739,65.88898308183404,86.01439602760435,13.187921534439738,14.559481637419537,17.649164929379936,18.274463611635156,6.044113046590865,4.62051079585334,0.7314158181625691,7.7935056638007465,7.988415163577692,8.65402432770011,1822.3615058422768,272.36196524015423,468.9384043633934,400.8909815202456,9.567215141381094,-5.192401966589534,-5.192401966589534,-979.0806919313012,10.428619824861027,346.1783349171841,19.780038256460205,49.33763038576942,1.1595795079350246,0.8341916460647367,282.0414762239429,310.2120531602998,-69.92931256734693,-60.35748171623129,-2222.528572211504,0.3543132224309338,0.6456867775690661,NaN,390.6492992381971,-1.9124501946330945
11:30,398.5525331261174,263.902070338807,116.34303374380045,66.59981317525386,80.95922341975269,13.386497224415507,14.73957140309659,17.781732454701853,18.40605848378641,5.911535479889612,4.519727948243079,0.7168301994376404,7.80549502419373,8.004064262363238,8.688170813134118,1746.8972989105832,272.6933809456936,468.83905302239145,402.14389654030924,9.647316466202751,-5.2256964517144855,-5.2256964517144855,-980.7758656457297,10.394506820423313,346.0699914176273,19.580956821322673,49.19248459126169,1.1486275443767588,0.8309911692100016,282.2253547011153,310.2120531602998,-69.92931256734693,-60.35748171623129,-2222.5309966178056,0.364047101577696,0.635952898422304,NaN,391.74755743883316,-1.7853634929946
11:45,387.39430376807223,253.1199615875699,111.21760512433897,66.6509386091993,75.25141785403162,13.568962409764083,14.897400274491304,17.856458383755978,18.464349892768666,5.778478716098297,4.421196845021333,0.7020385381920882,7.816778480212424,8.018681618767586,8.71607058479482,1668.6577480394026,273.02055912865507,468.73954631307004,401.9507697600799,9.616305946715157,-5.220346272380665,-5.220346272380665,-982.4786032715233,10.380033813248916,345.92083725052856,19.60499914624799,49.00387601729706,1.1371375190282822,0.8276619953316513,282.39433115949737,310.2120531602998,-69.92931256734693,-60.35748171623129,-2222.5342078631493,0.374720213086401,0.625279786913599,NaN,392.5031968071851,-1.6717351121086064
12:00,373.2322752653728,239.65690455168186,104.5766982039674,66.07034342265692,69.00986292505755,13.734521292489887,15.030843551630767,17.877613607693604,18.453619442273634,5.6065369001585355,4.298970668473039,0.6834538905793243,7.8168533184462925,8.022561625642574,8.731348284180894,1582.8084551488168,273.3452668590992,468.6407633589215,400.5192039622758,9.492083221914397,-5.181828282053389,-5.181828282053389,-984.1736354660183,10.378154306855345,345.7028325139946,19.815495636053505,48.73956239143737,1.1225834159672785,0.8235075345780634,282.5476649484917,310.2120531602998,-69.92931256734693,-60.35748171623129,-2222.5381824110646,0.387175439977558,0.612824560022442,NaN,392.92744064916667,-1.5681984076225528
12:15,356.2258976635146,223.65280329300222,96.52720230084925,64.90448036840971,62.22112062374326,13.882349019966739,15.137630160611877,17.845708827563442,18.376648873469776,5.399143921774148,4.14572500618198,0.660159626627986,7.8049802072511225,8.013004859551124,8.732355759896137,1487.2193992301177,273.66956805664455,468.5434381204216,397.9783906126635,9.286111386166429,-5.113475741647034,-5.113475741647034,-985.8481067380682,10.385575836114748,345.4054836042616,20.19542072675392,48.390374934678505,1.1043298407063054,0.818294504187087,282.6845883577491,310.2120531602998,-69.92931256734693,-60.35748171623129,-2222.5428911749077,0.40205540384154903,0.5979445961584509,NaN,393.0158826334897,-1.472687899391031
12:30,336.4685951458949,205.22689132452888,87.35227313212522,63.14021664965533,54.73440154274833,14.011992894350044,15.219050858437129,17.75429176825088,18.228257092138904,5.185370073741227,3.9842578396524417,0.6352288010454745,7.787478092893333,7.996725717575554,8.722815681891593,1383.464893964726,273.9952512581702,468.44832829772855,394.1324547745361,8.98410758846119,-5.0098418178588755,-5.0098418178588755,-987.4890259916082,10.407453398287485,345.0374376999229,20.79737559364583,47.96815749916478,1.0842568945514672,0.8123497405198565,282.8046783844525,310.2120531602998,-69.92931256734693,-60.35748171623129,-2222.5482997318663,0.4195572599085236,0.5804427400914765,NaN,392.7593206742754,-1.3823263422246734
12:45,314.10570432775523,184.5541467228549,77.16357269287424,60.74774370048782,46.64283032949285,14.123174257055098,15.27527905066654,17.5979854487706,18.002589987190277,4.975828708632948,3.824380599542402,0.6098881069212471,7.766462991161871,7.97637463805822,8.703648268459274,1270.229443801624,274.32378201848485,468.3563162115643,388.8418057955847,8.577490876583326,-4.86675045045105,-4.86675045045105,-989.0811462956265,10.446502544856585,344.59068054526415,21.686734803557016,47.46569624109979,1.0629019734218568,0.8056353149898048,282.90767343688884,310.2120531602998,-69.92931256734693,-60.35748171623129,-2222.554368573808,0.44048411174046137,0.5595158882595386,NaN,392.14729658427973,-1.294347397863175
13:00,289.290967283613,161.7926984574306,66.10726521070458,57.74313699194174,37.94229625478427,14.2156858505449,15.306075239198549,17.374212385676685,17.698117774688285,4.774179286798276,3.6691563864311707,0.5844523965000463,7.742253730808545,7.952640142555253,8.674847456607573,1144.85060311029,274.6564338919993,468.2683190034971,382.12080884803237,8.069728814435138,-4.68362979126169,-4.68362979126169,-990.608347504725,10.502350973741516,344.04896471783564,22.927374977791388,46.86724219013688,1.0401319541177079,0.7978954731417173,282.99337838709096,310.2120531602998,-69.92931256734693,-60.35748171623129,-2222.561053393163,0.46623293881162653,0.5337670611883735,NaN,391.17791720105447,-1.2072194063606014
13:15,262.2646616698057,137.18499114820122,54.334718804831375,54.13998916264357,28.71028318072628,14.289279501568672,15.310590305383641,17.080362806149992,17.313501861248312,4.583934890194686,3.5208895439582717,0.5590679820604446,7.715241484930893,7.926320898492392,8.63657278532608,1003.5967802210453,274.99432497875694,468.1852640191757,374.0258730073333,7.466157684666785,-4.459945075905201,-4.459945075905201,-992.0542383071231,10.573312444886565,343.3861563096523,24.61751989872429,46.14670316855869,1.015506367966993,0.7886796291655165,283.0615606030446,310.2120531602998,-69.92931256734693,-60.35748171623129,-2222.56830540185,0.4991024191452712,0.5008975808547288,NaN,389.85424282849834,-1.1194004764702827
13:30,233.26193266390686,110.96599410041267,42.027414201782946,49.94702546252698,18.991554436102746,14.343830403871493,15.287467697215277,16.71335854981163,16.847701696992544,4.410988389566539,3.3830196471403204,0.5339195001675449,7.687068367142215,7.899607516638256,8.59013644151228,841.4397817005986,275.33841356620314,468.10808312656206,364.67899534640947,6.77252538890898,-4.1944711469723766,-4.1944711469723766,-993.4022792260519,10.655338262634574,342.561181123041,26.91263766313284,45.26212216543238,0.988249446563854,0.777232037233601,283.1121022179195,310.2120531602998,-69.92931256734693,-60.35748171623129,-2222.576071681088,0.5430533270419977,0.45694667295800234,NaN,388.1811344479918,-1.0291994252058028
13:45,202.5534969168673,83.40222744691476,29.417398853712527,45.14715054401135,8.837678049190885,14.379412919535696,15.234397510729139,16.269766447226743,16.30034103052776,4.265134448327895,3.261842781746569,0.5093238231395374,7.661858202057129,7.878056091776694,8.539649876205427,651.5892697377479,275.68951422679305,468.03774310968316,354.3305844336889,5.992574481399844,-3.8838892251335837,-3.8838892251335837,-994.6353290641149,10.738826582044544,341.50215499748685,30.078503730674985,44.13771002364083,0.9568779968331509,0.7621377229791055,283.1450704358508,310.2120531602998,-69.92931256734693,-60.35748171623129,-2222.584295559751,0.6054774139812543,0.3945225860187456,NaN,386.1684548505664,-0.9342458678428286
14:00,170.5343918633408,54.87230671846654,16.806812621630844,39.67186710419184,-1.6063730073561473,14.396274510639557,15.145965711723989,15.746180693642202,15.673294717285103,4.150140430284733,3.1587296087285006,0.4842993992310781,7.642677440970599,7.868755747288153,8.491611385089437,423.645617119316,276.0484229817993,467.97529552430507,343.6120602761165,5.130484693357673,-3.5226614172461534,-3.5226614172461534,-995.7348129244953,10.794222000729887,340.03310800080584,34.571550441710045,42.58551513496043,0.9167811424374194,0.7397673712970694,283.1606934272161,310.2120531602998,-69.92931256734693,-60.35748171623129,-2222.5929170187924,0.7024219988282306,0.29757800117176925,NaN,383.84354594664677,-0.8308088794406242
14:15,137.65159661621448,25.80520378697832,4.729876716368498,33.27781435775259,-12.202487287142766,14.394974121218638,15.006502068081545,15.132558447106987,14.968797428341134,4.066947079849179,3.064972785411085,0.45445400163118715,7.632235657609038,7.889381522826526,8.464474952017998,142.1330339042113,276.41631243928947,467.92198697506785,333.8066090371584,4.173877780660575,-3.0944746053312278,-3.0944746053312278,-996.6790873705773,10.727109120409342,337.53925228967324,41.28351544305828,39.9775437154288,0.8524452999335311,0.698268413038143,283.15948855470793,310.2120531602998,-69.92931256734693,-60.35748171623129,-2222.6018731191075,0.875554747402454,0.12444525259754613,NaN,381.2636545781178,-0.7108678638243968
14:30,104.54587098454863,-2.217695347527048,-4.913329752561092,16.13682616201754,-13.441191756983498,14.387917377169117,14.708828639431204,14.737586875204329,14.433262601313743,4.039770060980261,2.8622267969917314,NaN,7.6332059449649154,7.992768958196617,7.6332059449649154,NaN,276.7887056911752,467.88387472718694,NaN,NaN,NaN,NaN,-997.3641187983692,NaN,NaN,NaN,NaN,NaN,NaN,283.15295016287484,310.2120531602998,-69.92931256734693,-60.35748171623129,-2222.606456302824,1.4377717578651628,-0.4377717578651627,NaN,375.92605320568487,-0.35451536968454395
14:45,72.15459623861194,-35.118095013091995,-3.400005251542006,6.073183996681926,-37.79127375823192,13.920578846085505,14.066304116130539,14.01181208104066,14.439978797317053,4.027857391361147,2.3273610933216506,NaN,7.710939912793254,7.703946148233354,7.703946148233354,NaN,277.1834357870178,467.88387472718694,NaN,NaN,NaN,NaN,-997.3641187983692,NaN,NaN,NaN,NaN,NaN,NaN,282.8614212853164,310.2120531602998,-69.88584530061036,-60.31401444949472,-2221.7443413341334,2.271895961960465,-1.2718959619604648,NaN,371.8984908868799,-0.13841726607005014
15:00,41.97910032829621,-61.738418445032565,-2.0665683729031854,6.021486073700787,-65.69333614583017,13.834819646302321,14.064022684092834,14.092523095321155,13.6460110444674,3.4645839045271583,2.1494896744420164,NaN,7.8025356739296114,7.794139048522282,7.794139048522282,NaN,277.55745336828437,467.88387472718694,NaN,NaN,NaN,NaN,-997.3641187983692,NaN,NaN,NaN,NaN,NaN,NaN,282.76190389942514,310.2120531602998,-69.90713489723021,-60.33530404611457,-2222.175975762607,1.5225313215712208,-0.522531321571221,NaN,367.92990780706185,-0.14371349083468607
15:15,23.582770743511453,-76.26166155477038,-1.6297366937102882,2.346106510952517,-76.97803137201262,13.692225059355223,13.587573056259941,13.649402439515029,12.849288128639614,3.3198555424268053,1.615571898119556,NaN,7.858250788300715,7.854792974475987,7.854792974475987,NaN,277.9594519784885,467.88387472718694,NaN,NaN,NaN,NaN,-997.3641187983692,NaN,NaN,NaN,NaN,NaN,NaN,282.63857601096174,310.2120531602998,-69.93081314285479,-60.35898229173915,-2222.653822717279,NaN,NaN,NaN,363.826638402678,-0.059240563579917374
15:30,6.3345319078585,-89.72316543115235,-0.3273850444049093,0.3926992110102678,-89.78847959775771,13.417713580769146,12.821916053033021,12.909386673015035,12.03915862505147,3.4884177707277013,1.6704911897259431,NaN,7.875615091883786,7.874935069068259,7.874935069068259,NaN,278.3860035908676,467.88387472718694,NaN,NaN,NaN,NaN,-997.3641187983692,NaN,NaN,NaN,NaN,NaN,NaN,282.43914217494887,310.2120531602998,-69.95644550084393,-60.38461464972829,-2223.1690646474563,NaN,NaN,NaN,359.7544915703957,-0.010612107178904111
15:45,0.0,-92.4536381973035,-0.001,0.009185449591564743,-92.46182364689507,13.00228526412235,11.93396048028734,12.017325426917239,11.298298091128913,3.7651965777862255,2.424740465454786E-5,NaN,7.8769341434189615,7.876921471897854,7.876921471897854,NaN,278.82102602169243,467.88387472718694,NaN,NaN,NaN,NaN,-997.3641187983692,NaN,NaN,NaN,NaN,NaN,NaN,282.14762623310315,310.2120531602998,-69.98358696089355,-60.41175610977791,-2223.7127241164394,1.1221679993033638,-0.12216799930336368,NaN,355.9211584676305,-2.691752906818452E-4
16:00,0.0,-90.151507925916,-0.001,0.005006939850868214,-90.15551486576686,12.50572205783385,11.18787700199897,11.255688566618005,10.76098909473103,4.017624403425807,2.3124127058551654E-11,NaN,7.877028515533636,7.877021476556308,7.877021476556308,NaN,279.25491134998583,467.88387472718694,NaN,NaN,NaN,NaN,-997.3641187983692,NaN,NaN,NaN,NaN,NaN,NaN,281.7918213624989,310.2120531602998,-70.01191408447858,-60.44008323336294,-2224.2783070827354,1.2495670105413044,-0.24956701054130437,NaN,353.18036505505796,-1.6159879905536947E-4
16:15,0.0,-88.51637669674432,-0.001,0.0016876412846323814,-88.51706433802894,12.012718878858266,10.579701460232911,10.635408083656841,10.312431522412453,4.240473021132126,2.2052886065055518E-17,NaN,7.877073840643988,7.877071230648612,7.877071230648612,NaN,279.6871808356245,467.88387472718694,NaN,NaN,NaN,NaN,-997.3641187983692,NaN,NaN,NaN,NaN,NaN,NaN,281.4199324059625,310.2120531602998,-70.04122197579255,-60.46939112467692,-2224.861743160637,2.454246599714571,-1.4542465997145708,NaN,350.92203463952046,-6.113127671544519E-5
16:30,0.0,-87.27080060652358,-0.001,0.001,-87.27080060652358,11.55243856127339,10.071773370524681,10.119033325893213,9.915337211733004,4.432138443854163,2.1031271042876737E-23,NaN,7.877086107172448,7.8770847980815395,7.8770847980815395,NaN,280.11783503161917,467.88387472718694,NaN,NaN,NaN,NaN,-997.3641187983692,NaN,NaN,NaN,NaN,NaN,NaN,281.0563387926328,310.2120531602998,-70.07139702021783,-60.499566169102195,-2225.4608396643293,NaN,NaN,NaN,348.94063696730154,-4.1633052638019946E-5
16:45,0.0,-86.27494907328318,-0.001,0.001,-86.27494907328318,11.129848257053766,9.632687112317399,9.6741780428099,9.552009237973039,4.591260111787774,2.0056983034970033E-29,NaN,7.877099198081534,7.877097888990625,7.877097888990625,NaN,280.54686500337493,467.88387472718694,NaN,NaN,NaN,NaN,-997.3641187983692,NaN,NaN,NaN,NaN,NaN,NaN,280.7104676426875,310.2120531602998,-70.10240121400079,-60.53057036288516,-2226.0749659201,NaN,NaN,NaN,347.1394115727347,-4.9385780552912794E-5
17:00,0.0,-85.4513619766733,-0.105667559355665,0.001,-85.34669441731764,10.740984175973665,9.24483380546269,9.280770949041823,9.214608738800962,4.713873385059366,1.772121385671598,NaN,7.87711228899062,7.877110979899712,7.877110979899712,NaN,280.97428562341975,467.88387472718694,NaN,NaN,NaN,NaN,-997.3641187983692,NaN,NaN,NaN,NaN,NaN,NaN,280.38365674773263,310.2120531602998,-70.13423633453084,-60.562405483415205,-2226.704332894362,NaN,NaN,NaN,345.4733003749505,-6.126065148364841E-5
17:15,0.0,-84.7784374199443,-0.560336298660373,0.001,-84.21910112128393,10.380623976139077,8.93133960303561,8.959388123488054,8.904325875012944,4.761111242403906,2.1668310469611813,NaN,7.877125379899706,7.877124070808797,7.877124070808797,NaN,281.40011034416614,467.88387472718694,NaN,NaN,NaN,NaN,-997.3641187983692,NaN,NaN,NaN,NaN,NaN,NaN,282.8239766572285,310.2120531602998,-70.16691411243016,-60.59508326131453,-2227.3493914690835,NaN,NaN,NaN,343.94553054864605,-8.147200182993023E-5
17:30,0.0,-84.21452687959197,-0.812679413676936,0.001,-83.40284746591504,10.056648365882722,8.66820322118491,8.6941467609808,8.61378073484866,4.736952732865184,2.1707926378502624,NaN,7.8771384708087915,7.877137161717883,7.877137161717883,NaN,281.8243524523287,467.88387472718694,NaN,NaN,NaN,NaN,-997.3641187983692,NaN,NaN,NaN,NaN,NaN,NaN,282.51313880326364,310.2120531602998,-70.20044849444531,-60.628617643329676,-2228.01067129693,NaN,NaN,NaN,342.5239030587904,-1.2298586865317444E-4
17:45,0.0,-83.6953989390003,-0.6158942914698985,0.001,-83.0805046475304,9.764956796716604,8.39176473780833,8.421434640999053,8.333239615857735,4.676520019771885,2.170603397587864,NaN,7.877151561717878,7.877150252626969,7.877150252626969,NaN,282.2470250711369,467.88387472718694,NaN,NaN,NaN,NaN,-997.3641187983692,NaN,NaN,NaN,NaN,NaN,NaN,282.22668530939217,310.2120531602998,-70.23482077607406,-60.662989924958424,-2228.6880760076983,NaN,NaN,NaN,341.1590909401027,-2.5472072389241585E-4
18:00,0.0,-83.18316696377615,-0.10877487290680421,0.001,-83.07539209086934,9.486464376417587,8.065627151904266,8.100065363619478,8.057994694200545,4.619933975480248,1.896116615159179,NaN,7.877164652626964,7.877163343536055,7.877163343536055,NaN,282.6681411625176,467.88387472718694,NaN,NaN,NaN,NaN,-997.3641187983692,NaN,NaN,NaN,NaN,NaN,NaN,281.9530117923465,310.2120531602998,-70.2699758669554,-60.69814501583977,-2229.38080025366,NaN,NaN,0.0032339664492361513,339.8241593909363,0.0032339664492361513
18:15,0.0,-82.7061288056381,-0.001,0.001,-82.7061288056381,9.201458487787647,7.7351610232017265,7.766240308745068,7.795662276931864,4.572719082219279,0.002172084476540806,NaN,7.877177743536049,7.877176434445141,7.877176434445141,NaN,283.0877135292481,467.88387472718694,NaN,NaN,NaN,NaN,-997.3641187983692,NaN,NaN,NaN,NaN,NaN,NaN,281.6788399058527,310.2120531602998,-70.30584322569501,-60.73401237457938,-2230.0877395808066,NaN,NaN,2.2016995741746252E-4,338.5501457101368,2.2016995741746252E-4
18:30,0.0,-82.29641999675887,-0.001,0.001,-82.29641999675887,8.917098186565,7.4440798893455735,7.471799507084427,7.548368618672214,4.494393873118405,2.0714611783416804E-9,NaN,7.877190834445136,7.877189525354227,7.877189525354227,NaN,283.5057548170803,467.88387472718694,NaN,NaN,NaN,NaN,-997.3641187983692,NaN,NaN,NaN,NaN,NaN,NaN,281.4069264178412,310.2120531602998,-70.3423425970413,-60.77051174592566,-2230.8075960555693,NaN,NaN,1.1441599647614324E-4,337.35384925268215,1.1441599647614324E-4
18:45,0.0,-81.94032434052765,-0.001,0.001,-81.94032434052765,8.645126799804245,7.179692904544197,7.205200375922232,7.313069959527866,4.383732694664018,1.975499323217087E-15,NaN,7.877203925354221,7.877202616263313,7.877202616263313,NaN,283.9222775168357,467.88387472718694,NaN,NaN,NaN,NaN,-997.3641187983692,NaN,NaN,NaN,NaN,NaN,NaN,281.1438202697173,310.2120531602998,-70.37938623852841,-60.807555387412776,-2231.538913668963,NaN,NaN,7.769116965330325E-5,336.2191426968425,7.769116965330325E-5
19:00,0.0,-81.62706116089527,-0.001,0.001,-81.62706116089527,8.386898056971631,6.933720955499723,6.957634871395044,7.088240516764358,4.241582221099345,1.883982966630065E-21,NaN,7.877217016263307,7.8772157071723985,7.8772157071723985,NaN,284.3372939664729,467.88387472718694,NaN,NaN,NaN,NaN,-997.3641187983692,NaN,NaN,NaN,NaN,NaN,NaN,280.891127752043,310.2120531602998,-70.41688699065799,-60.84505613954235,-2232.2802308780915,NaN,NaN,5.9154948984226836E-5,335.1379622579575,5.9154948984226836E-5
19:15,0.0,-81.34787658251692,-0.001,0.001,-81.34787658251692,8.141185556245375,6.701625599085105,6.724291972278195,6.872821271637179,4.069032856590367,1.7967061678219463E-27,NaN,7.877230107172394,7.877228798081485,7.877228798081485,NaN,284.7508163531258,467.88387472718694,NaN,NaN,NaN,NaN,-997.3641187983692,NaN,NaN,NaN,NaN,NaN,NaN,280.6486012903032,310.2120531602998,-70.45476786935609,-60.882937018240455,-2233.030264127778,NaN,NaN,4.8055850716070525E-5,334.10472344665055,4.8055850716070525E-5
19:30,0.0,-81.09640575897923,-0.001,0.001,-81.09640575897923,7.906479535635071,6.480795234119455,6.5024196618475685,6.665993236858299,3.8674218558888827,1.7134725263804877E-33,NaN,7.877243198081479,7.877241888990571,7.877241888990571,NaN,285.16285671511605,467.88387472718694,NaN,NaN,NaN,NaN,-997.3641187983692,NaN,NaN,NaN,NaN,NaN,NaN,280.4154806079877,310.2120531602998,-70.49296537627328,-60.92113452515764,-2233.7879665126,NaN,NaN,4.072524494123163E-5,333.1151252105721,4.072524494123163E-5
19:45,0.0,-80.86806695824264,-0.001,0.001,-80.86806695824264,7.681490577969271,6.269612561419251,6.2903279442128905,6.467068183384413,3.638340033753301,1.6340947402768018E-39,NaN,7.877256288990565,7.877254979899656,7.877254979899656,NaN,285.57342694393617,467.88387472718694,NaN,NaN,NaN,NaN,-997.3641187983692,NaN,NaN,NaN,NaN,NaN,NaN,280.19095597918187,310.2120531602998,-70.53142781764558,-60.95959696652994,-2234.5524876158784,NaN,NaN,3.5570464830907896E-5,332.1655717186498,3.5570464830907896E-5
20:00,0.0,-80.65943637763348,-0.001,0.001,-80.65943637763348,7.46519515458084,6.06697899851838,6.086879899463554,6.275438919578733,3.3836450929454136,1.5583941843765276E-45,NaN,7.8772693798996505,7.877268070808742,7.877268070808742,NaN,285.98253878620807,467.88387472718694,NaN,NaN,NaN,NaN,-997.3641187983692,NaN,NaN,NaN,NaN,NaN,NaN,279.97430175871267,310.2120531602998,-70.57011260465453,-60.99828175353889,-2235.323114173269,NaN,NaN,3.178918778937234E-5,331.2529065167189,3.178918778937234E-5
20:15,0.0,-80.46782299050453,-0.001,0.001,-80.46782299050453,7.256780978001757,5.8720745718513285,5.891234482853463,6.090557097755493,3.1054874794854688,1.4862005084767604E-51,NaN,7.877282470808737,7.877281161717828,7.877281161717828,NaN,286.3902038456132,467.88387472718694,NaN,NaN,NaN,NaN,-997.3641187983692,NaN,NaN,NaN,NaN,NaN,NaN,279.7648959284206,310.2120531602998,-70.60898414045278,-61.03715328933714,-2236.0992238148583,NaN,NaN,2.8934040244313762E-5,330.37429201278485,2.8934040244313762E-5
20:30,0.0,-80.29101627059671,-0.001,0.001,-80.29101627059671,7.055586873337518,5.684237620720239,5.702717597538424,5.911922781035173,2.8063608009547556,1.4173512539641957E-57,NaN,7.877295561717823,7.877294252626914,7.877294252626914,NaN,286.79643358479774,467.88387472718694,NaN,NaN,NaN,NaN,-997.3641187983692,NaN,NaN,NaN,NaN,NaN,NaN,279.56220625266116,310.2120531602998,-70.648012429353,-61.07618157823737,-2236.8802547042565,NaN,NaN,2.6736586548678296E-5,329.5271515877363,2.6736586548678296E-5
20:45,0.0,-80.12714329893367,-0.001,0.001,-80.12714329893367,6.861057417490542,5.502904530945898,5.520757538075998,5.7390786981219435,2.4892027264746934,1.3516914882318455E-63,NaN,7.877308652626908,7.877307343536,7.877307343536,NaN,287.20123932725164,467.88387472718694,NaN,NaN,NaN,NaN,-997.3641187983692,NaN,NaN,NaN,NaN,NaN,NaN,279.36577102358547,310.2120531602998,-70.6871721677569,-61.11534131664126,-2237.6656863306257,NaN,NaN,2.5026735748325113E-5,328.70913705627555,2.5026735748325113E-5
21:00,0.0,-79.97458720153043,-0.001,0.001,-79.97458720153043,6.672712458856893,5.327579086156561,5.344852240227908,5.571606265362448,2.157606261292998,1.289073456031652E-69,NaN,7.877321743535995,7.877320434445086,7.877320434445086,NaN,287.60463225916254,467.88387472718694,NaN,NaN,NaN,NaN,-997.3641187983692,NaN,NaN,NaN,NaN,NaN,NaN,279.17518267393694,310.2120531602998,-70.7264420574761,-61.15461120636047,-2238.4550262861544,NaN,NaN,2.3692253315087368E-5,327.9181059825571,2.3692253315087368E-5
21:15,0.0,-79.83193803643984,-0.001,0.001,-79.83193803643984,6.490127494292096,5.157816243460445,5.1745520382407335,5.409122277254369,1.8162924134727356,1.229356246978428E-75,NaN,7.87733483444508,7.877333525354172,7.877333525354172,NaN,288.00662343124395,467.88387472718694,NaN,NaN,NaN,NaN,-997.3641187983692,NaN,NaN,NaN,NaN,NaN,NaN,278.990075656793,310.2120531602998,-70.76580407999887,-61.19397322888324,-2239.247797775253,NaN,NaN,2.265691747740466E-5,327.1521029455426,2.265691747740466E-5
21:30,0.0,-79.69796047232991,-0.001,0.001,-79.69796047232991,6.312921119718737,4.993212883939236,5.009449923026523,5.2512759027334255,1.4722666868979448,1.1724054784569053E-81,NaN,7.877347925354166,7.8773466162632575,7.8773466162632575,NaN,288.4072237605395,467.88387472718694,NaN,NaN,NaN,NaN,-997.3641187983692,NaN,NaN,NaN,NaN,NaN,NaN,278.81011794198713,310.2120531602998,-70.80524301718697,-61.23341216607133,-2240.043533497848,NaN,NaN,2.186806417576452E-5,326.40934274439536,2.186806417576452E-5
21:45,0.0,-79.57157026056532,-0.001,0.001,-79.57157026056532,6.140746858754142,4.833401951332121,4.8491754395835756,5.097745892576484,1.1379787438373266,1.1180929932183316E-87,NaN,7.877361016263253,7.877359707172344,7.877359707172344,NaN,288.8064440322026,467.88387472718694,NaN,NaN,NaN,NaN,-997.3641187983692,NaN,NaN,NaN,NaN,NaN,NaN,278.6350051241554,310.2120531602998,-70.8447466283796,-61.27291577726396,-2240.8417839993344,NaN,NaN,2.1289183815116576E-5,325.68819496727497,2.1289183815116576E-5
22:00,0.0,-79.45181556618859,-0.001,0.001,-79.45181556618859,5.973287643580136,4.6780482805238535,4.69339039222973,4.948237985202468,0.8408261055534899,1.0662965709861103E-93,NaN,7.877374107172338,7.87737279808143,7.87737279808143,NaN,289.2042949012516,467.88387472718694,NaN,NaN,NaN,NaN,-997.3641187983692,NaN,NaN,NaN,NaN,NaN,NaN,278.46445629045763,310.2120531602998,-70.88430598855871,-61.31247513744307,-2241.642130437363,NaN,NaN,2.089540042269568E-5,324.9871697973012,2.089540042269568E-5
22:15,0.0,-79.33786126205185,-0.001,0.001,-79.33786126205185,5.81025190037974,4.52684532168638,4.541785500447816,4.802482513890595,0.6479580640503653,1.0168996534215072E-99,NaN,7.877387198081424,7.877385888990515,7.877385888990515,NaN,289.6007868943017,467.88387472718694,NaN,NaN,NaN,NaN,-997.3641187983692,NaN,NaN,NaN,NaN,NaN,NaN,278.2982110383464,310.2120531602998,-70.92391845339705,-61.352087602281415,-2242.444250907415,NaN,NaN,2.0670692658820766E-5,324.3049050270961,2.0670692658820766E-5
22:30,0.0,-79.22897527575282,-0.001,0.001,-79.22897527575282,5.651370620489388,4.379512390169964,4.394077606168537,4.660232214845109,0.6622312342264793,9.697910818305084E-106,NaN,7.87740028899051,7.877398979899602,7.877398979899602,NaN,289.99593041127315,467.88387472718694,NaN,NaN,NaN,NaN,-997.3641187983692,NaN,NaN,NaN,NaN,NaN,NaN,278.1360272390683,310.2120531602998,-70.96359465823178,-61.39176380711615,-2243.2480682669334,NaN,NaN,2.060623846789258E-5,323.640154245506,2.060623846789258E-5
22:45,0.0,-79.12451654052234,-0.001,0.001,-79.12451654052234,5.496395055537278,4.235792267286854,4.250007244306573,4.521260229024961,0.8702411865192116,9.248648470215878E-112,NaN,7.877413379899596,7.877412070808687,7.877412070808687,NaN,290.3897357270771,467.88387472718694,NaN,NaN,NaN,NaN,-997.3641187983692,NaN,NaN,NaN,NaN,NaN,NaN,277.977679288415,310.2120531602998,-71.00334593454784,-61.4315150834322,-2244.0535069073326,NaN,NaN,2.0699549836393496E-5,322.9917761339732,2.0699549836393496E-5
23:00,0.0,-79.02392430703176,-0.001,0.001,-79.02392430703176,5.345094824365731,4.095449065145999,4.109336483747029,4.3853582859067615,1.1676228117712044,8.820198507514837E-118,NaN,7.877426470808682,7.877425161717773,7.877425161717773,NaN,290.7822129932771,467.88387472718694,NaN,NaN,NaN,NaN,-997.3641187983692,NaN,NaN,NaN,NaN,NaN,NaN,277.8229566818997,310.2120531602998,-71.0431740666777,-61.47134321556206,-2244.8602966899844,NaN,NaN,2.095423481653348E-5,322.3587247909237,2.095423481653348E-5
23:15,0.0,-78.92670865766272,-0.001,0.001,-78.92670865766272,5.197256305235896,3.9582663079466442,3.971846988530558,4.252335054989658,1.4957841319752663,8.411596782221638E-124,NaN,7.877439561717768,7.87743825262686,7.87743825262686,NaN,291.1733722397302,467.88387472718694,NaN,NaN,NaN,NaN,-997.3641187983692,NaN,NaN,NaN,NaN,NaN,NaN,277.67166281201804,310.2120531602998,-71.08307371482192,-61.511242863706286,-2245.6680303203975,NaN,NaN,2.1380343505156752E-5,321.7400409943485,2.1380343505156752E-5
23:30,0.0,-78.83244209680657,-0.001,0.001,-78.83244209680657,5.052681235930834,3.8240451997215814,3.8373382680231884,4.122014650295739,1.831123182570557,8.021923811170233E-130,NaN,7.877452652626854,7.877451343535945,7.877451343535945,NaN,291.56322337620406,467.88387472718694,NaN,NaN,NaN,NaN,-997.3641187983692,NaN,NaN,NaN,NaN,NaN,NaN,277.52361392301606,310.2120531602998,-71.12303669041455,-61.551205839298916,-2246.476257629353,NaN,NaN,2.1995361158570967E-5,321.1348443129635,2.1995361158570967E-5
23:45,0.0,-78.7407521039195,-0.001,0.001,-78.7407521039195,4.911185472888235,3.692603056771702,3.705626093719218,3.9942352736316025,2.162628976677245,7.650302706880792E-136,NaN,7.877465743535939,7.877464434445031,7.877464434445031,NaN,291.951776193973,467.88387472718694,NaN,NaN,NaN,NaN,-997.3641187983692,NaN,NaN,NaN,NaN,NaN,NaN,277.3786381821382,310.2120531602998,-71.16305435713605,-61.59122350602041,-2247.2845419776127,NaN,NaN,2.2826037220503384E-5,320.5423259813569,2.2826037220503384E-5
24:00,0.0,-78.65131454454999,-0.001,0.001,-78.65131454454999,4.772597877403712,3.5637718873057906,3.576541064865637,3.868847983387468,2.4839165897220785,7.295897204285423E-142,NaN,7.877478834445025,7.8774775253541165,7.8774775253541165,NaN,292.33904036739295,467.88387472718694,NaN,NaN,NaN,NaN,-997.3641187983692,NaN,NaN,NaN,NaN,NaN,NaN,277.2365748410331,310.2120531602998,-71.20312691564897,-61.63129606453333,-2248.092653704791,NaN,NaN,2.3911424690529992E-5,319.961742461714,2.3911424690529992E-5
